{"RK_BYLI_RK_HFNS": [[3.0, 3.25, 3.5, 3.75, 4.0], [2.8009999999998567, 2.816999999999855, 2.8399999999998524, 2.86299999999985, 2.872999999999849]], "RK_BYLI_RK_KEFC": [[3.25, 3.5], [2.763999999999861, 2.7829999999998587]], "RK_BYLI_RK_KEFE": [[2.5, 2.75], [2.697999999999868, 2.7209999999998655]], "RK_BYLI_RK_KEFN": [[1.75, 2.0, 2.25, 2.5, 2.75, 3.0, 3.25, 3.5], [2.67999999999987, 2.7039999999998674, 2.714999999999866, 2.717999999999866, 2.7649999999998607, 2.7469999999998627, 2.743999999999863, 2.7769999999998594]], "RK_BYLI_RK_KEFW": [[3.25, 3.5], [2.7189999999998657, 2.7229999999998653]], "RK_BYLI_RK_KHR": [[4.25, 4.5], [2.8029999999998565, 2.806999999999856]], "RK_BYLI_RK_STAE": [[3.5, 3.75, 4.0, 4.25, 4.5, 4.75], [2.8689999999998492, 2.889999999999847, 2.9109999999998446, 2.925999999999843, 2.9469999999998406, 2.968999999999838]], "RK_GRDB_RK_HFNS": [[3.0, 3.25, 3.5, 3.75, 4.0, 4.25, 4.5], [2.8119999999998555, 2.8219999999998544, 2.8309999999998534, 2.850999999999851, 2.8549999999998508, 2.8399999999998524, 2.8379999999998526]], "RK_GRDB_RK_KEFC": [[3.5, 3.75, 4.0, 4.25, 4.5, 4.75, 5.0, 5.25, 5.5], [2.9769999999998373, 2.9859999999998363, 2.998999999999835, 3.017999999999833, 3.0209999999998325, 3.0029999999998345, 3.0009999999998347, 3.0139999999998333, 3.033999999999831]], "RK_GRDB_RK_KEFE": [[3.75, 4.0, 4.25, 4.5, 4.75, 5.0], [2.906999999999845, 2.926999999999843, 2.934999999999842, 2.9219999999998434, 2.9199999999998436, 2.9389999999998415]], "RK_GRDB_RK_KEFN": [[4.75, 5.0, 5.25, 5.5, 5.75], [3.016999999999833, 3.015999999999833, 3.033999999999831, 3.0579999999998284, 3.086999999999825]], "RK_GRDB_RK_KEFS": [[3.75, 4.0, 4.25, 4.5], [2.8589999999998503, 2.878999999999848, 2.8589999999998503, 2.850999999999851]], "RK_GRDB_RK_KEFW": [[3.5, 3.75, 4.0, 4.25, 4.5, 4.75, 5.0, 5.25], [2.933999999999842, 2.942999999999841, 2.9669999999998384, 2.990999999999836, 2.9939999999998355, 2.9749999999998376, 2.9679999999998383, 2.9769999999998373]], "RK_GRDB_RK_STAE": [[3.25, 3.5, 3.75, 4.0, 4.25, 4.5], [2.7569999999998616, 2.7939999999998575, 2.826999999999854, 2.8479999999998515, 2.8389999999998525, 2.8309999999998534]], "RK_HFNS_RK_KATL": [[3.25, 3.5, 3.75], [2.705999999999867, 2.741999999999863, 2.7459999999998628]], "RK_HFNS_RK_KEFN": [[2.25, 2.5, 2.75], [2.623999999999876, 2.6509999999998732, 2.6869999999998693]], "RK_HFNS_RK_KUG": [[4.0, 4.25, 4.5, 4.75], [2.977999999999837, 2.987999999999836, 2.9729999999998378, 2.981999999999837]], "RK_HFNS_RK_SECO": [[4.75, 5.0, 5.25, 5.5, 5.75], [2.9649999999998387, 2.9479999999998405, 2.960999999999839, 2.9839999999998366, 3.0029999999998345]], "RK_KATL_RK_KEFC": [[3.75, 4.0, 4.25, 4.5, 4.75, 5.0], [2.917999999999844, 2.9369999999998417, 2.934999999999842, 2.9219999999998434, 2.9299999999998425, 2.944999999999841]], "RK_KATL_RK_KEFE": [[3.25, 3.5, 3.75, 4.0, 4.25, 4.5], [2.77199999999986, 2.7869999999998583, 2.816999999999855, 2.8209999999998545, 2.806999999999856, 2.8109999999998556]], "RK_KATL_RK_KEFN": [[3.5, 3.75, 4.0, 4.25, 4.5, 4.75, 5.0, 5.25], [2.935999999999842, 2.9489999999998404, 2.9729999999998378, 2.9769999999998373, 2.9579999999998394, 2.95099999999984, 2.9639999999998388, 2.9839999999998366]], "RK_KATL_RK_KEFS": [[4.0], [2.734999999999864]], "RK_KATL_RK_KEFW": [[3.75, 4.0, 4.25, 4.5, 4.75], [2.8839999999998476, 2.9099999999998447, 2.9029999999998455, 2.887999999999847, 2.8919999999998467]], "RK_KATL_RK_KUG": [[2.5, 2.75, 3.0], [2.597999999999879, 2.643999999999874, 2.6859999999998694]], "RK_KATL_RK_STAE": [[3.25, 3.5], [2.6669999999998715, 2.7029999999998675]], "RK_KEFC_RK_KHR": [[2.75, 3.0, 3.25, 3.5, 3.75], [2.7219999999998654, 2.7379999999998637, 2.760999999999861, 2.7839999999998586, 2.7949999999998574]], "RK_KEFC_RK_KUG": [[2.25, 2.5, 2.75, 3.0, 3.25, 3.5, 3.75, 4.0, 4.25], [2.8289999999998536, 2.850999999999851, 2.86099999999985, 2.8829999999998477, 2.905999999999845, 2.896999999999846, 2.8869999999998472, 2.9029999999998455, 2.926999999999843]], "RK_KEFC_RK_SECO": [[5.0, 5.25, 5.5, 5.75, 6.0, 6.25, 6.5], [2.932999999999842, 2.95299999999984, 2.977999999999837, 3.0029999999998345, 3.023999999999832, 3.0459999999998297, 3.0669999999998274]], "RK_KEFC_RK_STAE": [[2.5, 2.75, 3.0, 3.25], [2.6399999999998744, 2.663999999999872, 2.7029999999998675, 2.734999999999864]], "RK_KEFC_RK_SUHS": [[3.25, 3.5, 3.75], [2.7319999999998643, 2.7559999999998617, 2.7459999999998628]], "RK_KEFC_RK_SVAT": [[3.25], [2.6929999999998686]], "RK_KEFE_RK_KHR": [[3.25, 3.5, 3.75], [2.7749999999998596, 2.799999999999857, 2.8039999999998564]], "RK_KEFE_RK_KUG": [[2.5, 2.75, 3.0, 3.25, 3.5, 3.75], [2.742999999999863, 2.753999999999862, 2.7919999999998577, 2.781999999999859, 2.7779999999998592, 2.8029999999998565]], "RK_KEFE_RK_SECO": [[4.75, 5.0, 5.25, 5.5, 5.75, 6.0], [2.95399999999984, 2.9379999999998416, 2.9499999999998403, 2.9669999999998384, 2.9849999999998365, 3.006999999999834]], "RK_KEFE_RK_STAE": [[2.5, 2.75, 3.0, 3.25, 3.5], [2.6849999999998695, 2.7029999999998675, 2.741999999999863, 2.781999999999859, 2.7939999999998575]], "RK_KEFE_RK_SUHS": [[3.25, 3.5], [2.6949999999998684, 2.698999999999868]], "RK_KEFN_RK_KHR": [[2.75, 3.0, 3.25, 3.5, 3.75, 4.0, 4.25], [2.7959999999998573, 2.817999999999855, 2.8399999999998524, 2.8679999999998493, 2.889999999999847, 2.8939999999998465, 2.896999999999846]], "RK_KEFN_RK_KUG": [[3.5, 3.75, 4.0, 4.25], [2.9049999999998453, 2.9019999999998456, 2.9299999999998425, 2.959999999999839]], "RK_KEFN_RK_SECO": [[5.25, 5.5, 5.75, 6.0, 6.25, 6.5, 6.75], [3.0199999999998326, 3.0309999999998314, 3.0479999999998295, 3.0679999999998273, 3.0849999999998254, 3.1019999999998236, 3.117999999999822]], "RK_KEFN_RK_STAE": [[2.75, 3.0, 3.25, 3.5, 3.75], [2.7779999999998592, 2.8139999999998553, 2.852999999999851, 2.8779999999998482, 2.880999999999848]], "RK_KEFN_RK_SUHS": [[4.0, 4.25], [2.807999999999856, 2.805999999999856]], "RK_KEFN_RK_SVAT": [[3.75], [2.7559999999998617]], "RK_KEFS_RK_KUG": [[2.75, 3.0, 3.25, 3.5, 3.75, 4.0, 4.25], [2.6659999999998716, 2.7139999999998663, 2.744999999999863, 2.7769999999998594, 2.8099999999998557, 2.8199999999998546, 2.823999999999854]], "RK_KEFS_RK_SECO": [[3.75, 4.0, 4.25, 4.5, 4.75, 5.0, 5.25, 5.5, 5.75], [2.917999999999844, 2.934999999999842, 2.9579999999998394, 2.960999999999839, 2.9579999999998394, 2.95199999999984, 2.9589999999998393, 2.9669999999998384, 2.980999999999837]], "RK_KEFW_RK_KUG": [[2.75, 3.0, 3.25, 3.5, 3.75, 4.0, 4.25, 4.5], [2.8039999999998564, 2.7959999999998573, 2.8109999999998556, 2.807999999999856, 2.805999999999856, 2.8319999999998533, 2.8639999999998498, 2.8919999999998467]], "RK_KEFW_RK_NVOG": [[2.75], [2.6779999999998703]], "RK_KEFW_RK_SECO": [[4.75, 5.0, 5.25, 5.5, 5.75, 6.0, 6.25], [2.8399999999998524, 2.8669999999998494, 2.899999999999846, 2.9289999999998426, 2.9579999999998394, 2.9829999999998367, 3.008999999999834]], "RK_KHR_RK_KUG": [[3.5, 3.75, 4.0, 4.25, 4.5, 4.75], [2.824999999999854, 2.8659999999998496, 2.9019999999998456, 2.9229999999998433, 2.9309999999998424, 2.933999999999842]], "RK_KHR_RK_NVOG": [[3.0, 3.25, 3.5, 3.75], [2.58899999999988, 2.615999999999877, 2.6499999999998733, 2.671999999999871]], "RK_KHR_RK_SECO": [[2.75, 3.0, 3.25, 3.5, 3.75, 4.0, 4.25, 4.5, 4.75], [2.780999999999859, 2.7929999999998576, 2.807999999999856, 2.8319999999998533, 2.8569999999998505, 2.870999999999849, 2.8689999999998492, 2.8779999999998482, 2.8929999999998466]], "RK_KUG_RK_STAE": [[3.5, 3.75, 4.0, 4.25, 4.5, 4.75, 5.0, 5.25], [2.942999999999841, 2.9729999999998378, 2.9929999999998356, 3.0009999999998347, 2.998999999999835, 3.0019999999998346, 3.015999999999833, 3.0309999999998314]], "RK_KUG_RK_SUHS": [[2.75, 3.0, 3.25, 3.5, 3.75, 4.0], [2.6679999999998714, 2.6939999999998685, 2.714999999999866, 2.7479999999998626, 2.787999999999858, 2.8109999999998556]], "RK_KUG_RK_SVAT": [[3.25, 3.5], [2.7029999999998675, 2.7469999999998627]], "RK_NJAR_RK_SECO": [[3.75, 4.0, 4.25], [2.77199999999986, 2.8049999999998563, 2.8139999999998553]],